#,Locker,Order,Location
1,1126,EVEN,Near KHE 119
2,1128,,Near KHE 119
3,1130,,Near KHE 119
4,1132,,Near KHE 119
5,1134,,Near KHE 119
6,1136,,Near KHE 119
7,1138,,Near KHE 119
8,1140,,Near KHE 119
9,1142,,Near KHE 119
10,1144,,Near KHE 119
11,1146,,Near KHE 119
12,1148,,Near KHE 119
13,1150,,Near KHE 119
14,1152,,Near KHE 119
15,1154,,Near KHE 119
16,1156,,Near KHE 119
17,1158,,Near KHE 119
18,1160,,Near KHE 119
19,1162,,Near KHE 119
20,1164,,Near KHE 119
21,1166,,Near KHE 119
22,1168,,Near KHE 119
23,1170,,Near KHE 119
24,1172,,Near KHE 119
25,1174,,Near KHE 119
26,1176,,Near KHE 119
1,1178,EVEN,Near KHE 121
2,1180,,Near KHE 121
3,1182,,Near KHE 121
4,1184,,Near KHE 121
5,1186,,Near KHE 121
6,1188,,Near KHE 121
7,1190,,Near KHE 121
8,1192,,Near KHE 121
9,1194,,Near KHE 121
10,1196,,Near KHE 121
11,1198,,Near KHE 121
12,1200,,Near KHE 121
13,1202,,Near KHE 121
14,1204,,Near KHE 121
15,1206,,Near KHE 121
16,1208,,Near KHE 121
17,1210,,Near KHE 121
1,1212,EVEN,Near KHE 123
2,1214,,Near KHE 123
3,1216,,Near KHE 123
4,1218,,Near KHE 123
1,1242,EVEN,Near KHE 125
2,1244,,Near KHE 125
3,1246,,Near KHE 125
4,1248,,Near KHE 125
5,1250,,Near KHE 125
6,1252,,Near KHE 125
7,1254,,Near KHE 125
8,1256,,Near KHE 125
9,1258,,Near KHE 125
10,1260,,Near KHE 125
11,1262,,Near KHE 125
12,1264,,Near KHE 125
1,1266,EVEN,Near KHE 129
2,1268,,Near KHE 129
3,1270,,Near KHE 129
4,1272,,Near KHE 129
5,1274,,Near KHE 129
1,1276,EVEN,Near KHE 129
2,1278,,Near KHE 129
3,1280,,Near KHE 129
4,1282,,Near KHE 129
5,1284,,Near KHE 129
6,1286,,Near KHE 129
7,1288,,Near KHE 129
8,1290,,Near KHE 129
9,1292,,Near KHE 129
10,1294,,Near KHE 129
11,1296,,Near KHE 129
12,1298,,Near KHE 129
13,1300,,Near KHE 129
14,1302,,Near KHE 129
15,1304,,Near KHE 129
16,1306,,Near KHE 129
1,1308,EVEN,Near KHE 129
2,1310,,Near KHE 129
3,1312,,Near KHE 129
4,1314,,Near KHE 129
1,1342,EVEN,Near KHE 129
5,1352,,Near KHE 129
6,1354,,Near KHE 129
7,1356,,Near KHE 129
1,1316,EVEN,Near KHE 131
2,1318,,Near KHE 131
1,1358,EVEN,Near KHE 133
2,1360,,Near KHE 133
3,1362,,Near KHE 133
4,1364,,Near KHE 133
5,1366,,Near KHE 133
6,1368,,Near KHE 133
7,1370,,Near KHE 133
8,1372,,Near KHE 133
9,1374,,Near KHE 133
10,1376,,Near KHE 133
11,1378,,Near KHE 133
12,1380,,Near KHE 133
13,1382,,Near KHE 133
14,1384,,Near KHE 133
15,1386,,Near KHE 133
1,1388,EVEN,Near KHE 135
2,1390,,Near KHE 135
3,1392,,Near KHE 135
1,1394,EVEN,Near KHE 128
2,1396,,Near KHE 128
3,1398,,Near KHE 128
4,1400,,Near KHE 128
1,1444,EVEN,Near KHE 137A
2,1446,,Near KHE 137A
3,1448,,Near KHE 137A
4,1450,,Near KHE 137A
5,1452,,Near KHE 137A
6,1454,,Near KHE 137A
7,1456,,Near KHE 137A
8,1458,,Near KHE 137A
9,1460,,Near KHE 137A
10,1462,,Near KHE 137A
11,1464,,Near KHE 137A
12,1466,,Near KHE 137A
13,1468,,Near KHE 137A
14,1470,,Near KHE 137A
15,1472,,Near KHE 137A
16,1474,,Near KHE 137A
1,1476,EVEN,Near KHE 139
2,1478,,Near KHE 139
3,1480,,Near KHE 139
4,1482,,Near KHE 139
5,1484,,Near KHE 139
6,1486,,Near KHE 139
7,1488,,Near KHE 139
8,1490,,Near KHE 139
9,1492,,Near KHE 139
1,1093,ODD,Near KHE 116
2,1095,,Near KHE 116
3,1097,,Near KHE 116
4,1099,,Near KHE 116
5,1101,,Near KHE 116
6,1103,,Near KHE 116
7,1105,,Near KHE 116
8,1107,,Near KHE 116
9,1109,,Near KHE 116
10,1111,,Near KHE 116
11,1113,,Near KHE 116
12,1115,,Near KHE 116
13,1117,,Near KHE 116
14,1119,,Near KHE 116
15,1121,,Near KHE 116
1,1123,ODD,Near KHE 116
2,1125,,Near KHE 116
3,1127,,Near KHE 116
4,1129,,Near KHE 116
1,1131,ODD,Near KHE 116A
2,1133,,Near KHE 116A
3,1135,,Near KHE 116A
4,1137,,Near KHE 116A
5,1139,,Near KHE 116A
6,1141,,Near KHE 116A
7,1143,,Near KHE 116A
8,1145,,Near KHE 116A
9,1147,,Near KHE 116A
10,1149,,Near KHE 116A
11,1151,,Near KHE 116A
12,1153,,Near KHE 116A
13,1155,,Near KHE 116A
14,1157,,Near KHE 116A
1,1161,ODD,Near KHE 118
2,1163,,Near KHE 118
3,1165,,Near KHE 118
4,1167,,Near KHE 118
5,1169,,Near KHE 118
6,1171,,Near KHE 118
7,1173,,Near KHE 118
8,1175,,Near KHE 118
9,1177,,Near KHE 118
10,1179,,Near KHE 118
11,1181,,Near KHE 118
12,1183,,Near KHE 118
13,1185,,Near KHE 118
14,1187,,Near KHE 118
15,1189,,Near KHE 118
16,1191,,Near KHE 118
17,1193,,Near KHE 118
18,1195,,Near KHE 118
19,1197,,Near KHE 118
20,1199,,Near KHE 118
21,1201,,Near KHE 118
22,1203,,Near KHE 118
23,1205,,Near KHE 118
24,1207,,Near KHE 118
25,1209,,Near KHE 118
26,1211,,Near KHE 118
27,1213,,Near KHE 118
28,1215,,Near KHE 118
29,1217,,Near KHE 118
30,1219,,Near KHE 118
31,1221,,Near KHE 118
32,1223,,Near KHE 118
33,1225,,Near KHE 118
1,1227,ODD,Near KHE 118
2,1229,,Near KHE 118
1,1231,ODD,Near KHE 128A
2,1233,,Near KHE 128A
3,1235,,Near KHE 128A
4,1237,,Near KHE 128A
5,1239,,Near KHE 128A
6,1241,,Near KHE 128A
7,1243,,Near KHE 128A
8,1245,,Near KHE 128A
9,1247,,Near KHE 128A
10,1249,,Near KHE 128A
11,1251,,Near KHE 128A
12,1253,,Near KHE 128A
13,1255,,Near KHE 128A
14,1257,,Near KHE 128A
15,1259,,Near KHE 128A
16,1261,,Near KHE 128A
17,1263,,Near KHE 128A
1,1265,ODD,Near KHE 128
2,1267,,Near KHE 128
3,1269,,Near KHE 128
4,1271,,Near KHE 128
5,1273,,Near KHE 128
6,1275,,Near KHE 128
7,1277,,Near KHE 128
8,1279,,Near KHE 128
9,1281,,Near KHE 128
10,1283,,Near KHE 128
11,1285,,Near KHE 128
12,1287,,Near KHE 128
13,1289,,Near KHE 128
,,,
,,,
,,,
,,,
,,,
,,,
,,,
,,,
,,,
,,,
,,,
,,,
,,,
,,,
,,,
,,,
,,,
,,,
,,,
,,,
,,,
,,,
,,,
,,,
,,,
,,,
,,,
,,,
,,,
,,,
,,,
,,,
,,,
,,,
,,,
,,,
,,,
,,,
,,,
,,,
,,,
,,,
,,,
,,,
,,,
,,,
,,,
,,,
,,,
,,,
,,,
,,,
,,,
,,,
,,,
,,,
,,,
,,,
,,,
,,,
,,,
,,,
,,,
,,,
,,,
,,,
,,,
,,,
,,,
,,,
,,,
,,,
,,,
,,,
,,,
,,,
,,,
,,,
,,,
,,,
,,,
,,,
,,,
,,,
,,,
,,,
,,,
,,,
,,,
,,,
,,,
,,,
,,,
,,,
,,,
,,,
,,,
,,,
,,,
,,,
,,,
,,,
,,,
,,,
,,,
,,,
,,,
,,,
,,,
,,,
,,,
,,,
,,,
,,#REF!,